id,proxyname,SEND_KILOBYTES,DISK_LOAD,CPU_LOAD,RECEIVE_KILOBYTES,MEM_LOAD,DISK_LOAD_COUNT,UserNum
1,proxy1,175.58672382439772,7.550370256645499,100,128.92648959144748,100,688,161
2,proxy2,167.96777269061897,5.172852549269458,100,165.10830135385916,100,528,124
3,proxy3,112.76029110918233,6.8019028254688445,100,114.98257365250058,100,585,140
4,proxy4,99.32391897404729,6.772876644851547,100,87.61873252531564,100,652,152
5,proxy5,70.13589521484055,5.762077421726031,100,62.81520708188623,100,517,123
