id,proxyname,SEND_KILOBYTES,DISK_LOAD,CPU_LOAD,RECEIVE_KILOBYTES,MEM_LOAD,DISK_LOAD_COUNT,UserNum
1,proxy1,3.15,3.940067893722929,27.068947780425884,0.315,100,47,11
2,proxy2,0.9500000000000001,3.640688828025004,17.932786856289148,0.095,100,49,5
3,proxy3,2.86,3.791100826426155,13.966655425914444,0.286,100,61,12
4,proxy4,3.7199999999999998,3.7788136476168477,11.975119514854722,0.37200000000000005,100,75,12
