id,proxyname,SEND_KILOBYTES,DISK_LOAD,CPU_LOAD,RECEIVE_KILOBYTES,MEM_LOAD,DISK_LOAD_COUNT,UserNum
1,proxy1,183.34063701178871,7.360523578187884,100,105.22525957117604,100,527,148
2,proxy2,175.6045931976366,4.628210929254228,100,112.46021927706542,100,404,103
3,proxy3,97.49918394893486,6.65927238491666,100,73.96021011585935,100,445,120
4,proxy4,94.221549881657,6.772847627520033,100,84.87150875986465,100,500,126
5,proxy5,55.35499123796607,5.483088745912138,100,17.685462994214582,100,394,103
