id,proxyname,SEND_KILOBYTES,DISK_LOAD,CPU_LOAD,RECEIVE_KILOBYTES,MEM_LOAD,DISK_LOAD_COUNT,UserNum
1,proxy1,50.099967180285304,4.087663703750217,82.04693683888941,42.99343999075641,100,94,48
2,proxy2,66.27081476174747,3.8988305471106015,61.95836175282899,70.96742058802198,100,92,35
3,proxy3,25.986093032366792,4.275599071414157,42.32895647097217,13.503154730766708,100,75,37
4,proxy4,11.690000000000003,4.12870023562349,24.38394407988742,1.1690000000000003,100,115,50
5,proxy5,29.640808191924453,3.9550893952790593,54.051688611997434,30.53799932864144,100,94,30
