id,proxyname,SEND_KILOBYTES,DISK_LOAD,CPU_LOAD,RECEIVE_KILOBYTES,MEM_LOAD,DISK_LOAD_COUNT,UserNum
1,proxy1,206.70583880067875,8.919474711412681,100,121.61138916082028,100,866,178
2,proxy2,168.40089215068582,5.234087765863327,100,151.31951377557235,100,675,147
3,proxy3,119.60672024397233,7.227940979956307,100,110.59874523227727,100,738,153
4,proxy4,146.41910648178975,7.831108647816655,100,114.7393064235485,100,826,174
5,proxy5,132.16955856713722,5.8748985075156375,100,111.46250746015832,100,665,148
