id,proxyname,SEND_KILOBYTES,DISK_LOAD,CPU_LOAD,RECEIVE_KILOBYTES,MEM_LOAD,DISK_LOAD_COUNT,UserNum
1,proxy1,2.26,4.01639197913849,28.69068211923324,0.22599999999999998,100,32,6
2,proxy2,1.35,3.798098394314128,22.821430770623206,0.135,100,52,6
3,proxy3,1.51,3.949457029713346,12.518834150609377,0.151,100,45,4
4,proxy4,0.8200000000000001,3.7750890338287126,25.470520687327525,0.082,100,41,4
