id,proxyname,SEND_KILOBYTES,DISK_LOAD,CPU_LOAD,RECEIVE_KILOBYTES,MEM_LOAD,DISK_LOAD_COUNT,UserNum
1,proxy1,232.7926137818376,10.113158488994278,100,192.25705650386266,100,1062,196
2,proxy2,183.83358917279241,6.202515110529943,100,186.09395366220957,100,839,164
3,proxy3,128.54132259884884,8.895021167141767,100,111.19952300617445,100,913,175
4,proxy4,184.1022761607215,8.355511091070818,100,146.0458157464755,100,1019,193
5,proxy5,176.78025545272723,7.215420107609738,100,161.87294347870508,100,837,172
