id,proxyname,SEND_KILOBYTES,DISK_LOAD,CPU_LOAD,RECEIVE_KILOBYTES,MEM_LOAD,DISK_LOAD_COUNT,UserNum
1,proxy1,39.113701995147025,3.7764893851949286,49.96524957323428,11.150863170436748,100,46,23
2,proxy2,5.58,3.7358864369781326,24.098644613714537,0.5580000000000002,100,57,19
3,proxy3,20.36995764390286,3.9518308039820504,28.003104373735162,40.01286461917512,100,38,17
4,proxy4,5.67,4.054115155471421,24.35634407988742,0.5670000000000002,100,65,26
5,proxy5,38.297580980920216,3.6785686274096654,38.413255281659396,10.824254905296275,100,64,15
