id,proxyname,SEND_KILOBYTES,DISK_LOAD,CPU_LOAD,RECEIVE_KILOBYTES,MEM_LOAD,DISK_LOAD_COUNT,UserNum
1,proxy1,6.159999999999999,4.513779286626368,27.120147780425885,0.6160000000000001,100,139,24
2,proxy2,5.21,3.978488290064302,17.969686856289147,0.521,100,110,18
3,proxy3,4.389999999999999,4.095183658984465,14.014755425914444,0.439,100,142,19
4,proxy4,8.269999999999998,4.412273288503569,12.034919514854723,0.8270000000000003,100,191,29
