id,proxyname,SEND_KILOBYTES,DISK_LOAD,CPU_LOAD,RECEIVE_KILOBYTES,MEM_LOAD,DISK_LOAD_COUNT,UserNum
1,proxy1,91.5040648120826,5.358948140473735,100,45.75012822935233,100,257,93
2,proxy2,145.33707025330074,4.109977718187167,100,147.15148390609681,100,214,69
3,proxy3,94.92588700685678,4.707622664432837,100,76.8337131517022,100,220,86
4,proxy4,43.798032188076476,5.084401109269352,45.099030232632884,12.112493264406917,100,271,87
5,proxy5,49.19516081775079,4.521705551464023,100,30.534896949625193,100,208,65
