id,proxyname,SEND_KILOBYTES,DISK_LOAD,CPU_LOAD,RECEIVE_KILOBYTES,MEM_LOAD,DISK_LOAD_COUNT,UserNum
1,proxy1,1.0999999999999999,3.8933661347921698,27.056847780425883,0.11,100,28,4
2,proxy2,0.9500000000000001,3.6001734899593423,17.927786856289146,0.095,100,39,5
3,proxy3,1.03,3.6503287832097486,13.954155425914445,0.10300000000000001,100,40,4
4,proxy4,2.26,3.739318446691803,11.965519514854723,0.226,100,55,7
