id,proxyname,SEND_KILOBYTES,DISK_LOAD,CPU_LOAD,RECEIVE_KILOBYTES,MEM_LOAD,DISK_LOAD_COUNT,UserNum
1,proxy1,2.53,4.082142385581636,28.69388211923324,0.253,100,39,7
2,proxy2,2.9000000000000004,3.8220436107060833,22.826630770623204,0.29,100,62,10
3,proxy3,2.13,3.9826641660025355,12.523034150609378,0.21300000000000002,100,51,6
4,proxy4,1.35,3.801210827200102,25.472920687327527,0.135,100,48,7
