id,proxyname,SEND_KILOBYTES,DISK_LOAD,CPU_LOAD,RECEIVE_KILOBYTES,MEM_LOAD,DISK_LOAD_COUNT,UserNum
1,proxy1,3.42,4.153353920325795,28.699282119233242,0.342,100,49,10
2,proxy2,2.9000000000000004,3.828643746813165,22.831830770623203,0.29,100,72,10
3,proxy3,3.14,4.053031706192486,12.528434150609378,0.314,100,60,9
4,proxy4,2.4200000000000004,3.813406000581596,25.476920687327528,0.242,100,59,11
