id,proxyname,SEND_KILOBYTES,DISK_LOAD,CPU_LOAD,RECEIVE_KILOBYTES,MEM_LOAD,DISK_LOAD_COUNT,UserNum
1,proxy1,5.27,4.192489773107566,27.095147780425883,0.527,100,94,18
2,proxy2,3.5900000000000007,3.839787662717822,17.949686856289148,0.359,100,77,13
3,proxy3,3.4899999999999993,3.966789647516714,13.993855425914445,0.349,100,106,16
4,proxy4,6.339999999999999,4.175528337870651,12.005619514854722,0.6340000000000001,100,135,23
