id,proxyname,SEND_KILOBYTES,DISK_LOAD,CPU_LOAD,RECEIVE_KILOBYTES,MEM_LOAD,DISK_LOAD_COUNT,UserNum
1,proxy1,4.81,4.126049251189292,27.085447780425884,0.481,100,76,16
2,proxy2,1.81,3.7524885514051007,17.94168685628915,0.181,100,64,8
3,proxy3,3.4899999999999993,3.9139712567763136,13.984255425914444,0.349,100,90,15
4,proxy4,5.909999999999999,3.9772066296794306,11.993719514854721,0.5910000000000001,100,112,21
