id,proxyname,SEND_KILOBYTES,DISK_LOAD,CPU_LOAD,RECEIVE_KILOBYTES,MEM_LOAD,DISK_LOAD_COUNT,UserNum
1,proxy1,124.62014505636346,6.471348767438046,100,104.67987306110845,100,379,122
2,proxy2,130.69949379069587,4.320373899055649,100,127.78811520263999,100,301,87
3,proxy3,101.3784309312631,5.686221454024771,100,73.95043639597534,100,325,105
4,proxy4,83.24798577326868,5.834945761654431,89.80455658955326,57.685138863479665,100,374,103
5,proxy5,49.45090388681086,4.721072442530393,100,16.176181080216466,100,291,83
