id,proxyname,SEND_KILOBYTES,DISK_LOAD,CPU_LOAD,RECEIVE_KILOBYTES,MEM_LOAD,DISK_LOAD_COUNT,UserNum
1,proxy1,2.2199999999999998,3.9044963620027384,27.062347780425885,0.22200000000000003,100,36,8
2,proxy2,0.9500000000000001,3.6123134457229944,17.930286856289147,0.095,100,44,5
3,proxy3,2.13,3.7387675937309144,13.959655425914445,0.213,100,49,9
4,proxy4,2.71,3.742529715398808,11.968819514854722,0.271,100,63,8
