id,proxyname,SEND_KILOBYTES,DISK_LOAD,CPU_LOAD,RECEIVE_KILOBYTES,MEM_LOAD,DISK_LOAD_COUNT,UserNum
1,proxy1,1.55,4.016114398129199,28.68788211923324,0.155,100,26,4
2,proxy2,0.86,3.741986474511441,22.818130770623206,0.08600000000000001,100,46,4
3,proxy3,0.29,3.940300386899903,12.516434150609378,0.029,100,41,1
4,proxy4,0.27,3.747140293192534,25.469020687327525,0.027,100,37,1
