id,proxyname,SEND_KILOBYTES,DISK_LOAD,CPU_LOAD,RECEIVE_KILOBYTES,MEM_LOAD,DISK_LOAD_COUNT,UserNum
1,proxy1,4.4,4.243454320695671,28.70598211923324,0.44,100,61,12
2,proxy2,3.3300000000000005,3.8629776919586543,22.837930770623203,0.333,100,84,12
3,proxy3,3.6500000000000004,4.090152090861007,12.534934150609379,0.365,100,71,11
4,proxy4,3.4700000000000006,3.9455835389912557,25.48262068732753,0.34700000000000003,100,74,15
