id,proxyname,SEND_KILOBYTES,DISK_LOAD,CPU_LOAD,RECEIVE_KILOBYTES,MEM_LOAD,DISK_LOAD_COUNT,UserNum
1,proxy1,79.23277022277202,4.546669240135156,100,28.835554161585158,100,164,70
2,proxy2,115.94864117134587,4.009993535567806,100,121.45552130939575,100,145,53
3,proxy3,63.262813333088204,4.632608140357483,90.96403427510575,30.924997787462285,100,134,59
4,proxy4,16.37,4.339826167466739,24.42354407988742,1.6369999999999998,100,184,69
5,proxy5,38.640482512739794,4.152576520231204,74.81581016891758,30.471205077941246,100,143,49
