id,proxyname,SEND_KILOBYTES,DISK_LOAD,CPU_LOAD,RECEIVE_KILOBYTES,MEM_LOAD,DISK_LOAD_COUNT,UserNum
1,proxy1,5.659999999999999,4.339165993807938,27.106847780425884,0.5660000000000001,100,115,21
2,proxy2,4.510000000000001,3.8562742530398904,17.95848685628915,0.45099999999999996,100,92,15
3,proxy3,3.749999999999999,4.092655795953497,14.003855425914445,0.375,100,123,17
4,proxy4,7.439999999999999,4.273989176582388,12.019919514854722,0.7440000000000002,100,162,27
