id,proxyname,SEND_KILOBYTES,DISK_LOAD,CPU_LOAD,RECEIVE_KILOBYTES,MEM_LOAD,DISK_LOAD_COUNT,UserNum
1,proxy1,3.8800000000000003,4.0556838654877625,27.076647780425883,0.388,100,60,13
2,proxy2,1.34,3.697988938678505,17.93688685628915,0.134,100,56,7
3,proxy3,3.2499999999999996,3.8504667276161326,13.975055425914444,0.32499999999999996,100,75,14
4,proxy4,4.88,3.9180030358459996,11.982919514854721,0.48800000000000004,100,91,16
