id,proxyname,SEND_KILOBYTES,DISK_LOAD,CPU_LOAD,RECEIVE_KILOBYTES,MEM_LOAD,DISK_LOAD_COUNT,UserNum
1,proxy1,0.71,3.8932326629553073,27.053747780425883,0.07100000000000001,90,24,2
2,proxy2,0.0,3.561296956579932,17.925286856289144,0.0,70,34,1
3,proxy3,0.39,3.641134428809109,13.951755425914445,0.039,90,36,2
4,proxy4,1.57,3.7329931329324446,11.962319514854723,0.15700000000000003,100,48,5
